{
  "last_node_id": 22,
  "last_link_id": 40,
  "nodes": [
    {
      "id": 9,
      "type": "(Down)Load Kokoro Model",
      "pos": [
        -95.73657989501953,
        165.8203582763672
      ],
      "size": [
        315,
        82
      ],
      "flags": {},
      "order": 0,
      "mode": 0,
      "inputs": [],
      "outputs": [
        {
          "name": "model",
          "type": "KOKORO_ONNX",
          "links": [
            35
          ],
          "slot_index": 0
        }
      ],
      "properties": {
        "aux_id": "Apache0ne/ComfyUI-kokoro",
        "ver": "b3f65034c13b43aa72109f91ac4055785e79c1fc",
        "Node name for S&R": "(Down)Load Kokoro Model",
        "cnr_id": "comfyui-jhj-kokoro-onnx"
      },
      "widgets_values": [
        "kokoro-v1.0.onnx",
        "voices-v1.0.bin"
      ]
    },
    {
      "id": 18,
      "type": "Kokoro Audio Generator",
      "pos": [
        255.34353637695312,
        168.59036254882812
      ],
      "size": [
        315,
        198
      ],
      "flags": {},
      "order": 2,
      "mode": 0,
      "inputs": [
        {
          "name": "model",
          "type": "KOKORO_ONNX",
          "link": 35
        },
        {
          "name": "text",
          "type": "STRING",
          "widget": {
            "name": "text"
          },
          "link": 38
        }
      ],
      "outputs": [
        {
          "name": "audio",
          "type": "AUDIO",
          "links": [
            40
          ],
          "slot_index": 0
        }
      ],
      "properties": {
        "aux_id": "Apache0ne/ComfyUI-kokoro",
        "ver": "b3f65034c13b43aa72109f91ac4055785e79c1fc",
        "Node name for S&R": "Kokoro Audio Generator",
        "cnr_id": "comfyui-jhj-kokoro-onnx"
      },
      "widgets_values": [
        "",
        "af_sarah",
        "en-gb",
        1.1,
        "",
        true
      ]
    },
    {
      "id": 19,
      "type": "Primitive string [Crystools]",
      "pos": [
        -95.60800170898438,
        300.2600402832031
      ],
      "size": [
        313.6568603515625,
        105.01008605957031
      ],
      "flags": {},
      "order": 1,
      "mode": 0,
      "inputs": [],
      "outputs": [
        {
          "name": "string",
          "type": "STRING",
          "links": [
            38
          ]
        }
      ],
      "properties": {
        "cnr_id": "ComfyUI-Crystools",
        "ver": "576b44b9b79e3bf4b5d50457a28924d89a42e7e1",
        "Node name for S&R": "Primitive string [Crystools]"
      },
      "widgets_values": [
        "VACE two is an all-in-one model designed for video creation and editing. It encompasses various tasks, including reference-to-video generation (R2V), video-to-video editing (V2V), and masked video-to-video editing (MV2V), allowing users to compose these tasks freely. This functionality enables users to explore diverse possibilities and streamline their workflows effectively, offers a range of capabilities, such as Move-Anything, Swap-Anything, Reference-Anything, Expand-Anything, Animate-Anything, and more."
      ]
    },
    {
      "id": 22,
      "type": "PreviewAudio",
      "pos": [
        665.4183349609375,
        168.36317443847656
      ],
      "size": [
        315,
        88
      ],
      "flags": {},
      "order": 3,
      "mode": 0,
      "inputs": [
        {
          "name": "audio",
          "type": "AUDIO",
          "link": 40
        }
      ],
      "outputs": [],
      "properties": {
        "cnr_id": "comfy-core",
        "ver": "0.3.26",
        "Node name for S&R": "PreviewAudio"
      },
      "widgets_values": [
        ""
      ]
    }
  ],
  "links": [
    [
      35,
      9,
      0,
      18,
      0,
      "KOKORO_ONNX"
    ],
    [
      38,
      19,
      0,
      18,
      1,
      "STRING"
    ],
    [
      40,
      18,
      0,
      22,
      0,
      "AUDIO"
    ]
  ],
  "groups": [],
  "config": {},
  "extra": {
    "ds": {
      "scale": 1.1167815779424797,
      "offset": [
        556.844138941479,
        167.42318825348724
      ]
    },
    "node_versions": {
      "ComfyUI-Crystools": "72e2e9af4a6b9a58ca5d753cacff37ba1ff9bfa8",
      "comfyui-jhj-kokoro-onnx": "1.0.3",
      "comfy-core": "0.3.26"
    },
    "ue_links": [],
    "VHS_latentpreview": false,
    "VHS_latentpreviewrate": 0,
    "VHS_MetadataImage": true,
    "VHS_KeepIntermediate": true
  },
  "version": 0.4
}